"event_id","when","who_actor","what_type","where_component","where_path","why_purpose","how_trigger","channel_type","lifecycle_phase","risk_level","category_ab","target_class","title","short_summary","before_state","after_state","change_type","impact_scope","impact_result","related_event_id","trace_id","free_note"
E20260326_001,2026-03-26T11:08:25,human_nsjsiro,storage,panel_ui,index.html,N/A,manual_click,browser_ui,in_operation,normal,A,infield,保存: infield,Storage mission dispatched,N/A,N/A,N/A,local,N/A,N/A,N/A,N/A
E20260326_002,2026-03-26T11:08:28,human_nsjsiro,storage,panel_ui,index.html,N/A,manual_click,browser_ui,in_operation,normal,A,infield,保存: infield,Storage mission dispatched,N/A,N/A,N/A,local,N/A,N/A,N/A,N/A
E20260326_003,2026-03-26T11:08:28,human_nsjsiro,storage,panel_ui,index.html,N/A,manual_click,browser_ui,in_operation,normal,A,outfield,保存: outfield,Storage mission dispatched,N/A,N/A,N/A,local,N/A,N/A,N/A,N/A
E20260326_004,2026-03-26T11:08:29,human_nsjsiro,storage,panel_ui,index.html,N/A,manual_click,browser_ui,in_operation,normal,A,infield,保存: infield,Storage mission dispatched,N/A,N/A,N/A,local,N/A,N/A,N/A,N/A
E20260326_005,2026-03-26T11:08:29,human_nsjsiro,storage,panel_ui,index.html,N/A,manual_click,browser_ui,in_operation,normal,A,outfield,保存: outfield,Storage mission dispatched,N/A,N/A,N/A,local,N/A,N/A,N/A,N/A
E20260326_006,2026-03-26T11:08:29,human_nsjsiro,storage,panel_ui,index.html,N/A,manual_click,browser_ui,in_operation,normal,A,公文書,保存: 公文書,Storage mission dispatched,N/A,N/A,N/A,local,N/A,N/A,N/A,N/A
E20260329_001,2026-03-29T13:01:07,human_nsjsiro,storage,panel_ui,index.html,N/A,manual_click,browser_ui,in_operation,normal,A,infield,菫晏ｭ・ infield,"面白い資料です。整理して評価します。

3つの資料を横断して見ると：
資料1（Ollama/Qdrant/FastAPI系）
→ ローカル完結・クラウド非依存を重視
→ MoCKAの「自律文明」思想と最も一致

資料2（n8n/Groq/DeepSeek系）
→ オーケストレーション・並列処理重視
→ external-brainの「手と足」として有効

資料3（DSPy/PydanticAI系）
→ 型安全・決定論的実行重視
→ MoCKAの「Deterministic」思想と深く一致

私の率直な評価：
今すぐ一番効くのはこの3つです：
① PydanticAI
  理由：
  mocka_Receptorへの入力を
  型で強制検証する
  = MoCKAの「汚れたデータを入れない」
    思想をコードで実現できる
  難易度：低
  効果：即効

② LiteLLM
  理由：
  Gemini/Claude/GPT/ローカルLLMを
  同じインターフェースで呼べる
  = external-brainの「誰でも交換可能」
    思想をそのまま実装できる
  難易度：低
  効果：即効

③ Qdrant
  理由：
  MoCKAのledger.jsonは
  「検索できない記録」
  Qdrantを加えると
  「意味で検索できる記憶」になる
  = 「歴史を参照しながら判断する」
    が本当に実現する
  難易度：中
  効果：大きい",N/A,N/A,N/A,local,N/A,N/A,N/A,"面白い資料です。整理して評価します。

3つの資料を横断して見ると：
資料1（Ollama/Qdrant/FastAPI系）
→ ローカル完結・クラウド非依存を重視
→ MoCKAの「自律文明」思想と最も一致

資料2（n8n/Groq/DeepSeek系）
→ オーケストレーション・並列処理重視
→ external-brainの「手と足」として有効

資料3（DSPy/PydanticAI系）
→ 型安全・決定論的実行重視
→ MoCKAの「Deterministic」思想と深く一致

私の率直な評価：
今すぐ一番効くのはこの3つです：
① PydanticAI
  理由：
  mocka_Receptorへの入力を
  型で強制検証する
  = MoCKAの「汚れたデータを入れない」
    思想をコードで実現できる
  難易度：低
  効果：即効

② LiteLLM
  理由：
  Gemini/Claude/GPT/ローカルLLMを
  同じインターフェースで呼べる
  = external-brainの「誰でも交換可能」
    思想をそのまま実装できる
  難易度：低
  効果：即効

③ Qdrant
  理由：
  MoCKAのledger.jsonは
  「検索できない記録」
  Qdrantを加えると
  「意味で検索できる記憶」になる
  = 「歴史を参照しながら判断する」
    が本当に実現する
  難易度：中
  効果：大きい"
E20260329_002,2026-03-29T14:12:04,human_nsjsiro,storage,panel_ui,index.html,N/A,manual_click,browser_ui,in_operation,normal,A,infield,菫晏ｭ・ infield,"# 概念コード
for i in range(10000):
    # 課題を生成
    task = generate_task(i)
    
    # app.pyに自動投入
    page.fill(""#memo"", task)
    page.click(""#exec"")
    
    # 結果を記録
    result = get_latest_event()
    
    # 検証
    verify_chain()  # mocka-check相当
    
    # 異常があればインシデント記録
    if not result.valid:
        record_incident(i, result)
```

---

**破壊テスト・意地悪テストの具体例：**
```
① 空文字投入テスト
  → memoなしでEXECUTE連打
  → クラッシュしないか？

② 超長文テスト
  → 100万文字投入
  → ledgerが壊れないか？

③ 同時多発テスト
  → 100並列でリクエスト
  → events.csvが壊れないか？

④ 文字化けテスト
  → 絵文字・特殊文字・SQL injection
  → sanitizeされているか？

⑤ SHA256チェーン破壊テスト
  → ledger.jsonを手動改ざん
  → verify_allが検知するか？

⑥ 連続封印テスト
  → mocka-sealを1000回連続
  → hash chainが正しく繋がるか？
```

---

**私の意見：**
```
このアイデアは非常に重要です

理由：
  MoCKAが「信頼できる」と言うだけでなく
  「10,000回試験してこの結果」という
  実証データが存在することが
  
  = 証明可能な文明
  = MoCKAの核心思想の体現

Playwrightは
  この用途に完璧に合っています
  GUI操作を自動化しながら
  結果をそのままevents.csvに記録できる
  = テスト結果自体がMoCKAの記録になる
```

---

**今日やることではありませんが：**
```
caliber候補として正式登録すべき

名称：mocka-stress-caliber
役割：連続試験・破壊テスト・耐久検証
技術：Playwright + Python
目的：MoCKAの整合性・証明精度の実証",N/A,N/A,N/A,local,N/A,N/A,N/A,"# 概念コード
for i in range(10000):
    # 課題を生成
    task = generate_task(i)
    
    # app.pyに自動投入
    page.fill(""#memo"", task)
    page.click(""#exec"")
    
    # 結果を記録
    result = get_latest_event()
    
    # 検証
    verify_chain()  # mocka-check相当
    
    # 異常があればインシデント記録
    if not result.valid:
        record_incident(i, result)
```

---

**破壊テスト・意地悪テストの具体例：**
```
① 空文字投入テスト
  → memoなしでEXECUTE連打
  → クラッシュしないか？

② 超長文テスト
  → 100万文字投入
  → ledgerが壊れないか？

③ 同時多発テスト
  → 100並列でリクエスト
  → events.csvが壊れないか？

④ 文字化けテスト
  → 絵文字・特殊文字・SQL injection
  → sanitizeされているか？

⑤ SHA256チェーン破壊テスト
  → ledger.jsonを手動改ざん
  → verify_allが検知するか？

⑥ 連続封印テスト
  → mocka-sealを1000回連続
  → hash chainが正しく繋がるか？
```

---

**私の意見：**
```
このアイデアは非常に重要です

理由：
  MoCKAが「信頼できる」と言うだけでなく
  「10,000回試験してこの結果」という
  実証データが存在することが
  
  = 証明可能な文明
  = MoCKAの核心思想の体現

Playwrightは
  この用途に完璧に合っています
  GUI操作を自動化しながら
  結果をそのままevents.csvに記録できる
  = テスト結果自体がMoCKAの記録になる
```

---

**今日やることではありませんが：**
```
caliber候補として正式登録すべき

名称：mocka-stress-caliber
役割：連続試験・破壊テスト・耐久検証
技術：Playwright + Python
目的：MoCKAの整合性・証明精度の実証"
E20260329_003,2026-03-29T17:04:12,human_nsjsiro,broadcast,panel_ui,index.html,N/A,manual_click,browser_ui,in_operation,normal,B,Claude,蜈ｱ譛・ Claude,"【check　test】
Select-String -Path ""C:\Users\sirok\MoCKA\index.html"" -Pattern ""AI_URLS""",N/A,N/A,N/A,local,N/A,N/A,N/A,"【check　test】
Select-String -Path ""C:\Users\sirok\MoCKA\index.html"" -Pattern ""AI_URLS"""
E20260329_004,2026-03-29T17:10:18,human_nsjsiro,broadcast,panel_ui,index.html,N/A,manual_click,browser_ui,in_operation,normal,B,Gemini,蜈ｱ譛・ Gemini,"【test】
ボタンの下にリンクが出れば成功です。",N/A,N/A,N/A,local,N/A,N/A,N/A,"【test】
ボタンの下にリンクが出れば成功です。"
E20260329_005,2026-03-29T17:14:36,human_nsjsiro,broadcast,panel_ui,index.html,N/A,manual_click,browser_ui,in_operation,normal,B,Claude,蜈ｱ譛・ Claude,"【test3】
今度は2箇所確認できました。ブラウザをリロードして再テストしてください。",N/A,N/A,N/A,local,N/A,N/A,N/A,"【test3】
今度は2箇所確認できました。ブラウザをリロードして再テストしてください。"
E20260330_001,2026-03-30T11:39:35,human_nsjsiro,storage,panel_ui,index.html,N/A,manual_click,browser_ui,in_operation,normal,A,infield,菫晏ｭ・ infield,"【Playwright×MoCKA統合合議結果】
【合議日時】2026-03-30
【テーマ】Playwright全機能のMoCKA統合可能性

【全AI共通評価：高】
1. ブラウザ自動操作 — MoCKAの手足
2. スクリーンショット・PDF生成 — 証拠固定
3. ネットワーク傍受 — 内部通信監査

【即採用決定】
- ネットワーク傍受：AIを信じるな哲学の通信レベル実装
- 並列実行：同時展開による合議高速化

【次のアクション】
- asyncioで並列化実装
- ネットワーク傍受モジュール追加",N/A,N/A,N/A,local,N/A,N/A,N/A,"【Playwright×MoCKA統合合議結果】
【合議日時】2026-03-30
【テーマ】Playwright全機能のMoCKA統合可能性

【全AI共通評価：高】
1. ブラウザ自動操作 — MoCKAの手足
2. スクリーンショット・PDF生成 — 証拠固定
3. ネットワーク傍受 — 内部通信監査

【即採用決定】
- ネットワーク傍受：AIを信じるな哲学の通信レベル実装
- 並列実行：同時展開による合議高速化

【次のアクション】
- asyncioで並列化実装
- ネットワーク傍受モジュール追加"
E20260331_001,2026-03-31T09:32:13,human_nsjsiro,storage,panel_ui,index.html,N/A,manual_click,browser_ui,in_operation,normal,A,infield,菫晏ｭ・ infield,"【テスト保存】
mocka-saveコマンドの動作確認",N/A,N/A,N/A,local,N/A,N/A,N/A,"【テスト保存】
mocka-saveコマンドの動作確認"
E20260331_002,2026-03-31T09:32:54,human_nsjsiro,storage,panel_ui,index.html,N/A,manual_click,browser_ui,in_operation,normal,A,infield,菫晏ｭ・ infield,【テスト保存】,N/A,N/A,N/A,local,N/A,N/A,N/A,【テスト保存】
E20260331_003,2026-03-31T09:33:57,human_nsjsiro,storage,panel_ui,index.html,N/A,manual_click,browser_ui,in_operation,normal,A,infield,菫晏ｭ・ infield,"【動作確認2】
本文テスト",N/A,N/A,N/A,local,N/A,N/A,N/A,"【動作確認2】
本文テスト"
E20260331_004,2026-03-31T09:36:29,human_nsjsiro,storage,panel_ui,index.html,N/A,manual_click,browser_ui,in_operation,normal,A,infield,菫晏ｭ・ infield,【動作確認2】,N/A,N/A,N/A,local,N/A,N/A,N/A,【動作確認2】
E20260331_005,2026-03-31T09:42:13,human_nsjsiro,storage,panel_ui,index.html,N/A,manual_click,browser_ui,in_operation,normal,A,infield,菫晏ｭ・ infield,"【動作確認3】
タブ再利用テスト",N/A,N/A,N/A,local,N/A,N/A,N/A,"【動作確認3】
タブ再利用テスト"
E20260331_006,2026-03-31T10:05:14,human_nsjsiro,broadcast,panel_ui,index.html,N/A,manual_click,browser_ui,in_operation,normal,B,ChatGPT,蜈ｱ譛・ ChatGPT,"【共有test1】
確認できました。app.pyを再起動して動作テストします",N/A,N/A,N/A,local,N/A,N/A,N/A,"【共有test1】
確認できました。app.pyを再起動して動作テストします"
E20260331_007,2026-03-31T10:05:14,human_nsjsiro,broadcast,panel_ui,index.html,N/A,manual_click,browser_ui,in_operation,normal,B,Gemini,蜈ｱ譛・ Gemini,"【共有test1】
確認できました。app.pyを再起動して動作テストします",N/A,N/A,N/A,local,N/A,N/A,N/A,"【共有test1】
確認できました。app.pyを再起動して動作テストします"
E20260331_008,2026-03-31T10:05:14,human_nsjsiro,broadcast,panel_ui,index.html,N/A,manual_click,browser_ui,in_operation,normal,B,Claude,蜈ｱ譛・ Claude,"【共有test1】
確認できました。app.pyを再起動して動作テストします",N/A,N/A,N/A,local,N/A,N/A,N/A,"【共有test1】
確認できました。app.pyを再起動して動作テストします"
E20260331_009,2026-03-31T10:05:14,human_nsjsiro,broadcast,panel_ui,index.html,N/A,manual_click,browser_ui,in_operation,normal,B,Perplexity,蜈ｱ譛・ Perplexity,"【共有test1】
確認できました。app.pyを再起動して動作テストします",N/A,N/A,N/A,local,N/A,N/A,N/A,"【共有test1】
確認できました。app.pyを再起動して動作テストします"
E20260331_010,2026-03-31T10:05:14,human_nsjsiro,broadcast,panel_ui,index.html,N/A,manual_click,browser_ui,in_operation,normal,B,Copilot,蜈ｱ譛・ Copilot,"【共有test1】
確認できました。app.pyを再起動して動作テストします",N/A,N/A,N/A,local,N/A,N/A,N/A,"【共有test1】
確認できました。app.pyを再起動して動作テストします"
E20260331_011,2026-03-31T10:10:13,human_nsjsiro,broadcast,panel_ui,index.html,N/A,manual_click,browser_ui,in_operation,normal,B,ChatGPT,蜈ｱ譛・ ChatGPT,"【test2回目】
app.pyを再起動してテストします",N/A,N/A,N/A,local,N/A,N/A,N/A,"【test2回目】
app.pyを再起動してテストします"
E20260331_012,2026-03-31T10:10:13,human_nsjsiro,broadcast,panel_ui,index.html,N/A,manual_click,browser_ui,in_operation,normal,B,Gemini,蜈ｱ譛・ Gemini,"【test2回目】
app.pyを再起動してテストします",N/A,N/A,N/A,local,N/A,N/A,N/A,"【test2回目】
app.pyを再起動してテストします"
E20260331_013,2026-03-31T10:10:13,human_nsjsiro,broadcast,panel_ui,index.html,N/A,manual_click,browser_ui,in_operation,normal,B,Claude,蜈ｱ譛・ Claude,"【test2回目】
app.pyを再起動してテストします",N/A,N/A,N/A,local,N/A,N/A,N/A,"【test2回目】
app.pyを再起動してテストします"
E20260331_014,2026-03-31T10:10:13,human_nsjsiro,broadcast,panel_ui,index.html,N/A,manual_click,browser_ui,in_operation,normal,B,Perplexity,蜈ｱ譛・ Perplexity,"【test2回目】
app.pyを再起動してテストします",N/A,N/A,N/A,local,N/A,N/A,N/A,"【test2回目】
app.pyを再起動してテストします"
E20260331_015,2026-03-31T10:10:13,human_nsjsiro,broadcast,panel_ui,index.html,N/A,manual_click,browser_ui,in_operation,normal,B,Copilot,蜈ｱ譛・ Copilot,"【test2回目】
app.pyを再起動してテストします",N/A,N/A,N/A,local,N/A,N/A,N/A,"【test2回目】
app.pyを再起動してテストします"
E20260331_016,2026-03-31T10:13:42,human_nsjsiro,broadcast,panel_ui,index.html,N/A,manual_click,browser_ui,in_operation,normal,B,ChatGPT,蜈ｱ譛・ ChatGPT,"【test3回目】
同時に開きませんように！",N/A,N/A,N/A,local,N/A,N/A,N/A,"【test3回目】
同時に開きませんように！"
E20260331_017,2026-03-31T10:13:42,human_nsjsiro,broadcast,panel_ui,index.html,N/A,manual_click,browser_ui,in_operation,normal,B,Gemini,蜈ｱ譛・ Gemini,"【test3回目】
同時に開きませんように！",N/A,N/A,N/A,local,N/A,N/A,N/A,"【test3回目】
同時に開きませんように！"
E20260331_018,2026-03-31T10:13:42,human_nsjsiro,broadcast,panel_ui,index.html,N/A,manual_click,browser_ui,in_operation,normal,B,Claude,蜈ｱ譛・ Claude,"【test3回目】
同時に開きませんように！",N/A,N/A,N/A,local,N/A,N/A,N/A,"【test3回目】
同時に開きませんように！"
E20260331_019,2026-03-31T10:13:43,human_nsjsiro,broadcast,panel_ui,index.html,N/A,manual_click,browser_ui,in_operation,normal,B,Perplexity,蜈ｱ譛・ Perplexity,"【test3回目】
同時に開きませんように！",N/A,N/A,N/A,local,N/A,N/A,N/A,"【test3回目】
同時に開きませんように！"
E20260331_020,2026-03-31T10:13:43,human_nsjsiro,broadcast,panel_ui,index.html,N/A,manual_click,browser_ui,in_operation,normal,B,Copilot,蜈ｱ譛・ Copilot,"【test3回目】
同時に開きませんように！",N/A,N/A,N/A,local,N/A,N/A,N/A,"【test3回目】
同時に開きませんように！"
E20260331_021,2026-03-31T10:35:03,human_nsjsiro,broadcast,panel_ui,index.html,N/A,manual_click,browser_ui,in_operation,normal,B,ChatGPT,共有: ChatGPT,"【test4回目】
郷治稼働しないと良いですね",N/A,N/A,N/A,local,N/A,N/A,N/A,"【test4回目】
郷治稼働しないと良いですね"
E20260331_022,2026-03-31T10:35:03,human_nsjsiro,broadcast,panel_ui,index.html,N/A,manual_click,browser_ui,in_operation,normal,B,Gemini,共有: Gemini,"【test4回目】
郷治稼働しないと良いですね",N/A,N/A,N/A,local,N/A,N/A,N/A,"【test4回目】
郷治稼働しないと良いですね"
E20260331_023,2026-03-31T10:35:03,human_nsjsiro,broadcast,panel_ui,index.html,N/A,manual_click,browser_ui,in_operation,normal,B,Claude,共有: Claude,"【test4回目】
郷治稼働しないと良いですね",N/A,N/A,N/A,local,N/A,N/A,N/A,"【test4回目】
郷治稼働しないと良いですね"
E20260331_024,2026-03-31T10:35:03,human_nsjsiro,broadcast,panel_ui,index.html,N/A,manual_click,browser_ui,in_operation,normal,B,Perplexity,共有: Perplexity,"【test4回目】
郷治稼働しないと良いですね",N/A,N/A,N/A,local,N/A,N/A,N/A,"【test4回目】
郷治稼働しないと良いですね"
E20260331_025,2026-03-31T10:35:03,human_nsjsiro,broadcast,panel_ui,index.html,N/A,manual_click,browser_ui,in_operation,normal,B,Copilot,共有: Copilot,"【test4回目】
郷治稼働しないと良いですね",N/A,N/A,N/A,local,N/A,N/A,N/A,"【test4回目】
郷治稼働しないと良いですね"
E20260331_026,2026-03-31T11:32:15,human_nsjsiro,storage,panel_ui,index.html,N/A,manual_click,browser_ui,in_operation,normal,A,infield,保存: infield,【保存】起動後、Cometで右クリック「MoCKAに保存」を試してください。,N/A,N/A,N/A,local,N/A,N/A,N/A,【保存】起動後、Cometで右クリック「MoCKAに保存」を試してください。
E20260331_027,2026-03-31T11:36:36,human_nsjsiro,broadcast,panel_ui,index.html,N/A,manual_click,browser_ui,in_operation,normal,B,ChatGPT,共有: ChatGPT,コードは正しいです。エラーはないですか？コンソールに赤いエラーが出ていますか？  Service Workerのコンソール（DevTools）の画面を見せてください。エラーログが出ているはずです。,N/A,N/A,N/A,local,N/A,N/A,N/A,コードは正しいです。エラーはないですか？コンソールに赤いエラーが出ていますか？  Service Workerのコンソール（DevTools）の画面を見せてください。エラーログが出ているはずです。
E20260331_028,2026-03-31T11:36:36,human_nsjsiro,broadcast,panel_ui,index.html,N/A,manual_click,browser_ui,in_operation,normal,B,Claude,共有: Claude,コードは正しいです。エラーはないですか？コンソールに赤いエラーが出ていますか？  Service Workerのコンソール（DevTools）の画面を見せてください。エラーログが出ているはずです。,N/A,N/A,N/A,local,N/A,N/A,N/A,コードは正しいです。エラーはないですか？コンソールに赤いエラーが出ていますか？  Service Workerのコンソール（DevTools）の画面を見せてください。エラーログが出ているはずです。
E20260331_028,2026-03-31T11:36:36,human_nsjsiro,broadcast,panel_ui,index.html,N/A,manual_click,browser_ui,in_operation,normal,B,Gemini,共有: Gemini,コードは正しいです。エラーはないですか？コンソールに赤いエラーが出ていますか？  Service Workerのコンソール（DevTools）の画面を見せてください。エラーログが出ているはずです。,N/A,N/A,N/A,local,N/A,N/A,N/A,コードは正しいです。エラーはないですか？コンソールに赤いエラーが出ていますか？  Service Workerのコンソール（DevTools）の画面を見せてください。エラーログが出ているはずです。
E20260331_028,2026-03-31T11:36:36,human_nsjsiro,broadcast,panel_ui,index.html,N/A,manual_click,browser_ui,in_operation,normal,B,Perplexity,共有: Perplexity,コードは正しいです。エラーはないですか？コンソールに赤いエラーが出ていますか？  Service Workerのコンソール（DevTools）の画面を見せてください。エラーログが出ているはずです。,N/A,N/A,N/A,local,N/A,N/A,N/A,コードは正しいです。エラーはないですか？コンソールに赤いエラーが出ていますか？  Service Workerのコンソール（DevTools）の画面を見せてください。エラーログが出ているはずです。
E20260331_028,2026-03-31T11:36:36,human_nsjsiro,broadcast,panel_ui,index.html,N/A,manual_click,browser_ui,in_operation,normal,B,Copilot,共有: Copilot,コードは正しいです。エラーはないですか？コンソールに赤いエラーが出ていますか？  Service Workerのコンソール（DevTools）の画面を見せてください。エラーログが出ているはずです。,N/A,N/A,N/A,local,N/A,N/A,N/A,コードは正しいです。エラーはないですか？コンソールに赤いエラーが出ていますか？  Service Workerのコンソール（DevTools）の画面を見せてください。エラーログが出ているはずです。
E20260331_029,2026-03-31T11:58:19,human_nsjsiro,broadcast,panel_ui,index.html,N/A,manual_click,browser_ui,in_operation,normal,B,ChatGPT,共有: ChatGPT,「MoCKAで共有」を試してください。,N/A,N/A,N/A,local,N/A,N/A,N/A,「MoCKAで共有」を試してください。
E20260331_030,2026-03-31T11:58:19,human_nsjsiro,broadcast,panel_ui,index.html,N/A,manual_click,browser_ui,in_operation,normal,B,Claude,共有: Claude,「MoCKAで共有」を試してください。,N/A,N/A,N/A,local,N/A,N/A,N/A,「MoCKAで共有」を試してください。
E20260331_030,2026-03-31T11:58:19,human_nsjsiro,broadcast,panel_ui,index.html,N/A,manual_click,browser_ui,in_operation,normal,B,Perplexity,共有: Perplexity,「MoCKAで共有」を試してください。,N/A,N/A,N/A,local,N/A,N/A,N/A,「MoCKAで共有」を試してください。
E20260331_031,2026-03-31T11:58:19,human_nsjsiro,broadcast,panel_ui,index.html,N/A,manual_click,browser_ui,in_operation,normal,B,Copilot,共有: Copilot,「MoCKAで共有」を試してください。,N/A,N/A,N/A,local,N/A,N/A,N/A,「MoCKAで共有」を試してください。
E20260331_032,2026-03-31T11:58:19,human_nsjsiro,broadcast,panel_ui,index.html,N/A,manual_click,browser_ui,in_operation,normal,B,Gemini,共有: Gemini,「MoCKAで共有」を試してください。,N/A,N/A,N/A,local,N/A,N/A,N/A,「MoCKAで共有」を試してください。
E20260331_033,2026-03-31T12:05:21,human_nsjsiro,broadcast,panel_ui,index.html,N/A,manual_click,browser_ui,in_operation,normal,B,Gemini,共有: Gemini,Cometのchrome://extensions/でMoCKA Saveの更新ボタン,N/A,N/A,N/A,local,N/A,N/A,N/A,Cometのchrome://extensions/でMoCKA Saveの更新ボタン
E20260331_034,2026-03-31T12:05:21,human_nsjsiro,broadcast,panel_ui,index.html,N/A,manual_click,browser_ui,in_operation,normal,B,Claude,共有: Claude,Cometのchrome://extensions/でMoCKA Saveの更新ボタン,N/A,N/A,N/A,local,N/A,N/A,N/A,Cometのchrome://extensions/でMoCKA Saveの更新ボタン
E20260331_035,2026-03-31T12:05:21,human_nsjsiro,broadcast,panel_ui,index.html,N/A,manual_click,browser_ui,in_operation,normal,B,ChatGPT,共有: ChatGPT,Cometのchrome://extensions/でMoCKA Saveの更新ボタン,N/A,N/A,N/A,local,N/A,N/A,N/A,Cometのchrome://extensions/でMoCKA Saveの更新ボタン
E20260331_036,2026-03-31T12:05:21,human_nsjsiro,broadcast,panel_ui,index.html,N/A,manual_click,browser_ui,in_operation,normal,B,Copilot,共有: Copilot,Cometのchrome://extensions/でMoCKA Saveの更新ボタン,N/A,N/A,N/A,local,N/A,N/A,N/A,Cometのchrome://extensions/でMoCKA Saveの更新ボタン
E20260331_037,2026-03-31T12:05:21,human_nsjsiro,broadcast,panel_ui,index.html,N/A,manual_click,browser_ui,in_operation,normal,B,Perplexity,共有: Perplexity,Cometのchrome://extensions/でMoCKA Saveの更新ボタン,N/A,N/A,N/A,local,N/A,N/A,N/A,Cometのchrome://extensions/でMoCKA Saveの更新ボタン
E20260331_038,2026-03-31T12:11:27,human_nsjsiro,broadcast,panel_ui,index.html,N/A,manual_click,browser_ui,in_operation,normal,B,ChatGPT,共有: ChatGPT,app.pyは起動中のままで大丈夫です。拡張機能の更新だけで反映されます。,N/A,N/A,N/A,local,N/A,N/A,N/A,app.pyは起動中のままで大丈夫です。拡張機能の更新だけで反映されます。
E20260331_038,2026-03-31T12:11:27,human_nsjsiro,broadcast,panel_ui,index.html,N/A,manual_click,browser_ui,in_operation,normal,B,Claude,共有: Claude,app.pyは起動中のままで大丈夫です。拡張機能の更新だけで反映されます。,N/A,N/A,N/A,local,N/A,N/A,N/A,app.pyは起動中のままで大丈夫です。拡張機能の更新だけで反映されます。
E20260331_038,2026-03-31T12:11:27,human_nsjsiro,broadcast,panel_ui,index.html,N/A,manual_click,browser_ui,in_operation,normal,B,Copilot,共有: Copilot,app.pyは起動中のままで大丈夫です。拡張機能の更新だけで反映されます。,N/A,N/A,N/A,local,N/A,N/A,N/A,app.pyは起動中のままで大丈夫です。拡張機能の更新だけで反映されます。
E20260331_038,2026-03-31T12:11:27,human_nsjsiro,broadcast,panel_ui,index.html,N/A,manual_click,browser_ui,in_operation,normal,B,Gemini,共有: Gemini,app.pyは起動中のままで大丈夫です。拡張機能の更新だけで反映されます。,N/A,N/A,N/A,local,N/A,N/A,N/A,app.pyは起動中のままで大丈夫です。拡張機能の更新だけで反映されます。
E20260331_039,2026-03-31T12:11:27,human_nsjsiro,broadcast,panel_ui,index.html,N/A,manual_click,browser_ui,in_operation,normal,B,Perplexity,共有: Perplexity,app.pyは起動中のままで大丈夫です。拡張機能の更新だけで反映されます。,N/A,N/A,N/A,local,N/A,N/A,N/A,app.pyは起動中のままで大丈夫です。拡張機能の更新だけで反映されます。
E20260331_040,2026-03-31T12:16:39,human_nsjsiro,broadcast,panel_ui,index.html,N/A,manual_click,browser_ui,in_operation,normal,B,Gemini,共有: Gemini,今度はClaude1への回収なしで各AIに送るだけになるはずです。,N/A,N/A,N/A,local,N/A,N/A,N/A,今度はClaude1への回収なしで各AIに送るだけになるはずです。
E20260331_040,2026-03-31T12:16:39,human_nsjsiro,broadcast,panel_ui,index.html,N/A,manual_click,browser_ui,in_operation,normal,B,ChatGPT,共有: ChatGPT,今度はClaude1への回収なしで各AIに送るだけになるはずです。,N/A,N/A,N/A,local,N/A,N/A,N/A,今度はClaude1への回収なしで各AIに送るだけになるはずです。
E20260331_040,2026-03-31T12:16:39,human_nsjsiro,broadcast,panel_ui,index.html,N/A,manual_click,browser_ui,in_operation,normal,B,Copilot,共有: Copilot,今度はClaude1への回収なしで各AIに送るだけになるはずです。,N/A,N/A,N/A,local,N/A,N/A,N/A,今度はClaude1への回収なしで各AIに送るだけになるはずです。
E20260331_040,2026-03-31T12:16:39,human_nsjsiro,broadcast,panel_ui,index.html,N/A,manual_click,browser_ui,in_operation,normal,B,Perplexity,共有: Perplexity,今度はClaude1への回収なしで各AIに送るだけになるはずです。,N/A,N/A,N/A,local,N/A,N/A,N/A,今度はClaude1への回収なしで各AIに送るだけになるはずです。
E20260331_040,2026-03-31T12:16:39,human_nsjsiro,broadcast,panel_ui,index.html,N/A,manual_click,browser_ui,in_operation,normal,B,Claude,共有: Claude,今度はClaude1への回収なしで各AIに送るだけになるはずです。,N/A,N/A,N/A,local,N/A,N/A,N/A,今度はClaude1への回収なしで各AIに送るだけになるはずです。
E20260331_041,2026-03-31T12:42:26,human_nsjsiro,broadcast,panel_ui,index.html,N/A,manual_click,browser_ui,in_operation,normal,B,ChatGPT,共有: ChatGPT,ご指摘の通りです。確認せず封印しました。反省します。,N/A,N/A,N/A,local,N/A,N/A,N/A,ご指摘の通りです。確認せず封印しました。反省します。
E20260331_041,2026-03-31T12:42:26,human_nsjsiro,broadcast,panel_ui,index.html,N/A,manual_click,browser_ui,in_operation,normal,B,Gemini,共有: Gemini,ご指摘の通りです。確認せず封印しました。反省します。,N/A,N/A,N/A,local,N/A,N/A,N/A,ご指摘の通りです。確認せず封印しました。反省します。
E20260331_041,2026-03-31T12:42:26,human_nsjsiro,broadcast,panel_ui,index.html,N/A,manual_click,browser_ui,in_operation,normal,B,Copilot,共有: Copilot,ご指摘の通りです。確認せず封印しました。反省します。,N/A,N/A,N/A,local,N/A,N/A,N/A,ご指摘の通りです。確認せず封印しました。反省します。
E20260331_041,2026-03-31T12:42:26,human_nsjsiro,broadcast,panel_ui,index.html,N/A,manual_click,browser_ui,in_operation,normal,B,Claude,共有: Claude,ご指摘の通りです。確認せず封印しました。反省します。,N/A,N/A,N/A,local,N/A,N/A,N/A,ご指摘の通りです。確認せず封印しました。反省します。
E20260331_041,2026-03-31T12:42:26,human_nsjsiro,broadcast,panel_ui,index.html,N/A,manual_click,browser_ui,in_operation,normal,B,Perplexity,共有: Perplexity,ご指摘の通りです。確認せず封印しました。反省します。,N/A,N/A,N/A,local,N/A,N/A,N/A,ご指摘の通りです。確認せず封印しました。反省します。
E20260331_042,2026-03-31T17:03:40,human_nsjsiro,broadcast,panel_ui,index.html,N/A,manual_click,browser_ui,in_operation,normal,B,ChatGPT,共有: ChatGPT,mockaについて知ってることを書いてください,N/A,N/A,N/A,local,N/A,N/A,N/A,mockaについて知ってることを書いてください
E20260331_042,2026-03-31T17:03:40,human_nsjsiro,broadcast,panel_ui,index.html,N/A,manual_click,browser_ui,in_operation,normal,B,Copilot,共有: Copilot,mockaについて知ってることを書いてください,N/A,N/A,N/A,local,N/A,N/A,N/A,mockaについて知ってることを書いてください
E20260331_042,2026-03-31T17:03:40,human_nsjsiro,broadcast,panel_ui,index.html,N/A,manual_click,browser_ui,in_operation,normal,B,Claude,共有: Claude,mockaについて知ってることを書いてください,N/A,N/A,N/A,local,N/A,N/A,N/A,mockaについて知ってることを書いてください
E20260331_042,2026-03-31T17:03:40,human_nsjsiro,broadcast,panel_ui,index.html,N/A,manual_click,browser_ui,in_operation,normal,B,Perplexity,共有: Perplexity,mockaについて知ってることを書いてください,N/A,N/A,N/A,local,N/A,N/A,N/A,mockaについて知ってることを書いてください
E20260331_042,2026-03-31T17:03:40,human_nsjsiro,broadcast,panel_ui,index.html,N/A,manual_click,browser_ui,in_operation,normal,B,Gemini,共有: Gemini,mockaについて知ってることを書いてください,N/A,N/A,N/A,local,N/A,N/A,N/A,mockaについて知ってることを書いてください
E20260331_043,2026-03-31T17:10:39,human_nsjsiro,broadcast,panel_ui,index.html,N/A,manual_click,browser_ui,in_operation,normal,B,Perplexity,共有: Perplexity,mockaの共有について,N/A,N/A,N/A,local,N/A,N/A,N/A,mockaの共有について
E20260331_043,2026-03-31T17:10:39,human_nsjsiro,broadcast,panel_ui,index.html,N/A,manual_click,browser_ui,in_operation,normal,B,Gemini,共有: Gemini,mockaの共有について,N/A,N/A,N/A,local,N/A,N/A,N/A,mockaの共有について
E20260331_043,2026-03-31T17:10:39,human_nsjsiro,broadcast,panel_ui,index.html,N/A,manual_click,browser_ui,in_operation,normal,B,Claude,共有: Claude,mockaの共有について,N/A,N/A,N/A,local,N/A,N/A,N/A,mockaの共有について
E20260331_043,2026-03-31T17:10:39,human_nsjsiro,broadcast,panel_ui,index.html,N/A,manual_click,browser_ui,in_operation,normal,B,ChatGPT,共有: ChatGPT,mockaの共有について,N/A,N/A,N/A,local,N/A,N/A,N/A,mockaの共有について
E20260331_043,2026-03-31T17:10:39,human_nsjsiro,broadcast,panel_ui,index.html,N/A,manual_click,browser_ui,in_operation,normal,B,Copilot,共有: Copilot,mockaの共有について,N/A,N/A,N/A,local,N/A,N/A,N/A,mockaの共有について
E20260331_044,2026-03-31T17:13:09,human_nsjsiro,broadcast,panel_ui,index.html,N/A,manual_click,browser_ui,in_operation,normal,B,Claude,共有: Claude,mockaの共有について,N/A,N/A,N/A,local,N/A,N/A,N/A,mockaの共有について
E20260331_044,2026-03-31T17:13:09,human_nsjsiro,broadcast,panel_ui,index.html,N/A,manual_click,browser_ui,in_operation,normal,B,Gemini,共有: Gemini,mockaの共有について,N/A,N/A,N/A,local,N/A,N/A,N/A,mockaの共有について
E20260331_044,2026-03-31T17:13:09,human_nsjsiro,broadcast,panel_ui,index.html,N/A,manual_click,browser_ui,in_operation,normal,B,Copilot,共有: Copilot,mockaの共有について,N/A,N/A,N/A,local,N/A,N/A,N/A,mockaの共有について
E20260331_044,2026-03-31T17:13:09,human_nsjsiro,broadcast,panel_ui,index.html,N/A,manual_click,browser_ui,in_operation,normal,B,ChatGPT,共有: ChatGPT,mockaの共有について,N/A,N/A,N/A,local,N/A,N/A,N/A,mockaの共有について
E20260331_044,2026-03-31T17:13:09,human_nsjsiro,broadcast,panel_ui,index.html,N/A,manual_click,browser_ui,in_operation,normal,B,Perplexity,共有: Perplexity,mockaの共有について,N/A,N/A,N/A,local,N/A,N/A,N/A,mockaの共有について
E20260331_045,2026-03-31T17:27:18,human_nsjsiro,broadcast,panel_ui,index.html,N/A,manual_click,browser_ui,in_operation,normal,B,Claude,共有: Claude,mocka共有について,N/A,N/A,N/A,local,N/A,N/A,N/A,mocka共有について
E20260331_045,2026-03-31T17:27:18,human_nsjsiro,broadcast,panel_ui,index.html,N/A,manual_click,browser_ui,in_operation,normal,B,Copilot,共有: Copilot,mocka共有について,N/A,N/A,N/A,local,N/A,N/A,N/A,mocka共有について
E20260331_045,2026-03-31T17:27:18,human_nsjsiro,broadcast,panel_ui,index.html,N/A,manual_click,browser_ui,in_operation,normal,B,ChatGPT,共有: ChatGPT,mocka共有について,N/A,N/A,N/A,local,N/A,N/A,N/A,mocka共有について
E20260331_045,2026-03-31T17:27:18,human_nsjsiro,broadcast,panel_ui,index.html,N/A,manual_click,browser_ui,in_operation,normal,B,Gemini,共有: Gemini,mocka共有について,N/A,N/A,N/A,local,N/A,N/A,N/A,mocka共有について
E20260331_045,2026-03-31T17:27:18,human_nsjsiro,broadcast,panel_ui,index.html,N/A,manual_click,browser_ui,in_operation,normal,B,Perplexity,共有: Perplexity,mocka共有について,N/A,N/A,N/A,local,N/A,N/A,N/A,mocka共有について
E20260331_046,2026-03-31T17:52:37,human_nsjsiro,broadcast,panel_ui,index.html,N/A,manual_click,browser_ui,in_operation,normal,B,Gemini,共有: Gemini,"README構造を確認しました。  最適な挿入位置はここです：  英語版の ## What is MoCKA? と ## Why It Matters の間、または ## Why It Matters の直後。  理由：「なぜ重要か」を説明した直後にデモGIFを見せるのが最も説得力があります。  以下をREADMEに追加します：  powershell $insert = @'  ---  ## Demo — Right-click. 4 AIs. One ledger.  ### Share: broadcast to all AIs instantly ![Sharing](docs/Sharing.gif)  ### Collaborate: collect all responses → synthesize in Claude ![Collaboration](docs/collaboration.gif)  '@  $content = Get-Content C:\Users\sirok\MoCKA\README.md -Raw $target = ""## How It Works"" $content.Replace($target, $insert + $target) | Set-Content C:\Users\sirok\MoCKA\README.md 実行してよいですか？  ちょっと確認　これはmockaでしかできないことですか？　　この共有ということと協業という動作はどこにもない取り組みですか？  17:50 正直に評価します。  「共有」機能 類似品あり。  複数AIに同時送信するツールは存在します。例えばChatHub、Merlin等。右クリック送信も似たChrome拡張があります。  MoCKA固有の点： ledgerに記録される・hash chainで封印される。  「協議」機能 これは独自性が高い。  4AIの回答を回収してClaudeに集約・統合分析させる、という閉ループを自動化したものは見当たりません。  ただし「複数AI比較」ツール自体は存在します。  本当にMoCKAだけのものは何か 機能単体ではなく、組み合わせ：  「右クリック → 4AI送信 → 回答回収 → Claude統合分析 → ledger封印 → hash chain記録 → ガバナンス検証」  この最後の部分（記録・検証・監査）がセットになっているのはMoCKAだけです。  READMEへの反映提案 キャッチコピーを修正すべきです：  ❌ Right-click. 4 AIs. One ledger.（共有・協議は類似品あり）  ✅ Every AI decision. Cryptographically sealed. Forever auditable.  GIFはあくまで**「入口」**として使い、MoCKAの本質（ledger・governance）に誘導する構成にした方が正直で強いです。  修正しますか？  いやいや　これって　mockaのこのための目的機能＝mockaでなく　mockaの入り口の機能であり これがmockaだと誤解されても困りますね  17:51 その通りです。  整理すると：  内容 GIFで見えているもの Chrome拡張の操作UI（入口） MoCKAの本質 ledger・hash chain・governance・文明ループ GIFは「MoCKAへの入り口を見せている」だけであって、「MoCKAそのもの」ではない。  READMEへの配置方針：  本質（Architecture・Governance）の後ではなく、Quick Startの前に置くべきです。  [文明モデルの説明] [アーキテクチャ] [ガバナンス]   ↓ 「まず触ってみる入口はこれ」← GIFをここに   ↓ [Quick Start] キャプションも変えるべきです：  markdown ## Getting Started — The simplest entry point  > This is not MoCKA. This is the door. > MoCKA is what happens after you walk through it. この方向で追加しますか？",N/A,N/A,N/A,local,N/A,N/A,N/A,"README構造を確認しました。  最適な挿入位置はここです：  英語版の ## What is MoCKA? と ## Why It Matters の間、または ## Why It Matters の直後。  理由：「なぜ重要か」を説明した直後にデモGIFを見せるのが最も説得力があります。  以下をREADMEに追加します：  powershell $insert = @'  ---  ## Demo — Right-click. 4 AIs. One ledger.  ### Share: broadcast to all AIs instantly ![Sharing](docs/Sharing.gif)  ### Collaborate: collect all responses → synthesize in Claude ![Collaboration](docs/collaboration.gif)  '@  $content = Get-Content C:\Users\sirok\MoCKA\README.md -Raw $target = ""## How It Works"" $content.Replace($target, $insert + $target) | Set-Content C:\Users\sirok\MoCKA\README.md 実行してよいですか？  ちょっと確認　これはmockaでしかできないことですか？　　この共有ということと協業という動作はどこにもない取り組みですか？  17:50 正直に評価します。  「共有」機能 類似品あり。  複数AIに同時送信するツールは存在します。例えばChatHub、Merlin等。右クリック送信も似たChrome拡張があります。  MoCKA固有の点： ledgerに記録される・hash chainで封印される。  「協議」機能 これは独自性が高い。  4AIの回答を回収してClaudeに集約・統合分析させる、という閉ループを自動化したものは見当たりません。  ただし「複数AI比較」ツール自体は存在します。  本当にMoCKAだけのものは何か 機能単体ではなく、組み合わせ：  「右クリック → 4AI送信 → 回答回収 → Claude統合分析 → ledger封印 → hash chain記録 → ガバナンス検証」  この最後の部分（記録・検証・監査）がセットになっているのはMoCKAだけです。  READMEへの反映提案 キャッチコピーを修正すべきです：  ❌ Right-click. 4 AIs. One ledger.（共有・協議は類似品あり）  ✅ Every AI decision. Cryptographically sealed. Forever auditable.  GIFはあくまで**「入口」**として使い、MoCKAの本質（ledger・governance）に誘導する構成にした方が正直で強いです。  修正しますか？  いやいや　これって　mockaのこのための目的機能＝mockaでなく　mockaの入り口の機能であり これがmockaだと誤解されても困りますね  17:51 その通りです。  整理すると：  内容 GIFで見えているもの Chrome拡張の操作UI（入口） MoCKAの本質 ledger・hash chain・governance・文明ループ GIFは「MoCKAへの入り口を見せている」だけであって、「MoCKAそのもの」ではない。  READMEへの配置方針：  本質（Architecture・Governance）の後ではなく、Quick Startの前に置くべきです。  [文明モデルの説明] [アーキテクチャ] [ガバナンス]   ↓ 「まず触ってみる入口はこれ」← GIFをここに   ↓ [Quick Start] キャプションも変えるべきです：  markdown ## Getting Started — The simplest entry point  > This is not MoCKA. This is the door. > MoCKA is what happens after you walk through it. この方向で追加しますか？"
E20260331_046,2026-03-31T17:52:37,human_nsjsiro,broadcast,panel_ui,index.html,N/A,manual_click,browser_ui,in_operation,normal,B,Copilot,共有: Copilot,"README構造を確認しました。  最適な挿入位置はここです：  英語版の ## What is MoCKA? と ## Why It Matters の間、または ## Why It Matters の直後。  理由：「なぜ重要か」を説明した直後にデモGIFを見せるのが最も説得力があります。  以下をREADMEに追加します：  powershell $insert = @'  ---  ## Demo — Right-click. 4 AIs. One ledger.  ### Share: broadcast to all AIs instantly ![Sharing](docs/Sharing.gif)  ### Collaborate: collect all responses → synthesize in Claude ![Collaboration](docs/collaboration.gif)  '@  $content = Get-Content C:\Users\sirok\MoCKA\README.md -Raw $target = ""## How It Works"" $content.Replace($target, $insert + $target) | Set-Content C:\Users\sirok\MoCKA\README.md 実行してよいですか？  ちょっと確認　これはmockaでしかできないことですか？　　この共有ということと協業という動作はどこにもない取り組みですか？  17:50 正直に評価します。  「共有」機能 類似品あり。  複数AIに同時送信するツールは存在します。例えばChatHub、Merlin等。右クリック送信も似たChrome拡張があります。  MoCKA固有の点： ledgerに記録される・hash chainで封印される。  「協議」機能 これは独自性が高い。  4AIの回答を回収してClaudeに集約・統合分析させる、という閉ループを自動化したものは見当たりません。  ただし「複数AI比較」ツール自体は存在します。  本当にMoCKAだけのものは何か 機能単体ではなく、組み合わせ：  「右クリック → 4AI送信 → 回答回収 → Claude統合分析 → ledger封印 → hash chain記録 → ガバナンス検証」  この最後の部分（記録・検証・監査）がセットになっているのはMoCKAだけです。  READMEへの反映提案 キャッチコピーを修正すべきです：  ❌ Right-click. 4 AIs. One ledger.（共有・協議は類似品あり）  ✅ Every AI decision. Cryptographically sealed. Forever auditable.  GIFはあくまで**「入口」**として使い、MoCKAの本質（ledger・governance）に誘導する構成にした方が正直で強いです。  修正しますか？  いやいや　これって　mockaのこのための目的機能＝mockaでなく　mockaの入り口の機能であり これがmockaだと誤解されても困りますね  17:51 その通りです。  整理すると：  内容 GIFで見えているもの Chrome拡張の操作UI（入口） MoCKAの本質 ledger・hash chain・governance・文明ループ GIFは「MoCKAへの入り口を見せている」だけであって、「MoCKAそのもの」ではない。  READMEへの配置方針：  本質（Architecture・Governance）の後ではなく、Quick Startの前に置くべきです。  [文明モデルの説明] [アーキテクチャ] [ガバナンス]   ↓ 「まず触ってみる入口はこれ」← GIFをここに   ↓ [Quick Start] キャプションも変えるべきです：  markdown ## Getting Started — The simplest entry point  > This is not MoCKA. This is the door. > MoCKA is what happens after you walk through it. この方向で追加しますか？",N/A,N/A,N/A,local,N/A,N/A,N/A,"README構造を確認しました。  最適な挿入位置はここです：  英語版の ## What is MoCKA? と ## Why It Matters の間、または ## Why It Matters の直後。  理由：「なぜ重要か」を説明した直後にデモGIFを見せるのが最も説得力があります。  以下をREADMEに追加します：  powershell $insert = @'  ---  ## Demo — Right-click. 4 AIs. One ledger.  ### Share: broadcast to all AIs instantly ![Sharing](docs/Sharing.gif)  ### Collaborate: collect all responses → synthesize in Claude ![Collaboration](docs/collaboration.gif)  '@  $content = Get-Content C:\Users\sirok\MoCKA\README.md -Raw $target = ""## How It Works"" $content.Replace($target, $insert + $target) | Set-Content C:\Users\sirok\MoCKA\README.md 実行してよいですか？  ちょっと確認　これはmockaでしかできないことですか？　　この共有ということと協業という動作はどこにもない取り組みですか？  17:50 正直に評価します。  「共有」機能 類似品あり。  複数AIに同時送信するツールは存在します。例えばChatHub、Merlin等。右クリック送信も似たChrome拡張があります。  MoCKA固有の点： ledgerに記録される・hash chainで封印される。  「協議」機能 これは独自性が高い。  4AIの回答を回収してClaudeに集約・統合分析させる、という閉ループを自動化したものは見当たりません。  ただし「複数AI比較」ツール自体は存在します。  本当にMoCKAだけのものは何か 機能単体ではなく、組み合わせ：  「右クリック → 4AI送信 → 回答回収 → Claude統合分析 → ledger封印 → hash chain記録 → ガバナンス検証」  この最後の部分（記録・検証・監査）がセットになっているのはMoCKAだけです。  READMEへの反映提案 キャッチコピーを修正すべきです：  ❌ Right-click. 4 AIs. One ledger.（共有・協議は類似品あり）  ✅ Every AI decision. Cryptographically sealed. Forever auditable.  GIFはあくまで**「入口」**として使い、MoCKAの本質（ledger・governance）に誘導する構成にした方が正直で強いです。  修正しますか？  いやいや　これって　mockaのこのための目的機能＝mockaでなく　mockaの入り口の機能であり これがmockaだと誤解されても困りますね  17:51 その通りです。  整理すると：  内容 GIFで見えているもの Chrome拡張の操作UI（入口） MoCKAの本質 ledger・hash chain・governance・文明ループ GIFは「MoCKAへの入り口を見せている」だけであって、「MoCKAそのもの」ではない。  READMEへの配置方針：  本質（Architecture・Governance）の後ではなく、Quick Startの前に置くべきです。  [文明モデルの説明] [アーキテクチャ] [ガバナンス]   ↓ 「まず触ってみる入口はこれ」← GIFをここに   ↓ [Quick Start] キャプションも変えるべきです：  markdown ## Getting Started — The simplest entry point  > This is not MoCKA. This is the door. > MoCKA is what happens after you walk through it. この方向で追加しますか？"
E20260331_046,2026-03-31T17:52:37,human_nsjsiro,broadcast,panel_ui,index.html,N/A,manual_click,browser_ui,in_operation,normal,B,ChatGPT,共有: ChatGPT,"README構造を確認しました。  最適な挿入位置はここです：  英語版の ## What is MoCKA? と ## Why It Matters の間、または ## Why It Matters の直後。  理由：「なぜ重要か」を説明した直後にデモGIFを見せるのが最も説得力があります。  以下をREADMEに追加します：  powershell $insert = @'  ---  ## Demo — Right-click. 4 AIs. One ledger.  ### Share: broadcast to all AIs instantly ![Sharing](docs/Sharing.gif)  ### Collaborate: collect all responses → synthesize in Claude ![Collaboration](docs/collaboration.gif)  '@  $content = Get-Content C:\Users\sirok\MoCKA\README.md -Raw $target = ""## How It Works"" $content.Replace($target, $insert + $target) | Set-Content C:\Users\sirok\MoCKA\README.md 実行してよいですか？  ちょっと確認　これはmockaでしかできないことですか？　　この共有ということと協業という動作はどこにもない取り組みですか？  17:50 正直に評価します。  「共有」機能 類似品あり。  複数AIに同時送信するツールは存在します。例えばChatHub、Merlin等。右クリック送信も似たChrome拡張があります。  MoCKA固有の点： ledgerに記録される・hash chainで封印される。  「協議」機能 これは独自性が高い。  4AIの回答を回収してClaudeに集約・統合分析させる、という閉ループを自動化したものは見当たりません。  ただし「複数AI比較」ツール自体は存在します。  本当にMoCKAだけのものは何か 機能単体ではなく、組み合わせ：  「右クリック → 4AI送信 → 回答回収 → Claude統合分析 → ledger封印 → hash chain記録 → ガバナンス検証」  この最後の部分（記録・検証・監査）がセットになっているのはMoCKAだけです。  READMEへの反映提案 キャッチコピーを修正すべきです：  ❌ Right-click. 4 AIs. One ledger.（共有・協議は類似品あり）  ✅ Every AI decision. Cryptographically sealed. Forever auditable.  GIFはあくまで**「入口」**として使い、MoCKAの本質（ledger・governance）に誘導する構成にした方が正直で強いです。  修正しますか？  いやいや　これって　mockaのこのための目的機能＝mockaでなく　mockaの入り口の機能であり これがmockaだと誤解されても困りますね  17:51 その通りです。  整理すると：  内容 GIFで見えているもの Chrome拡張の操作UI（入口） MoCKAの本質 ledger・hash chain・governance・文明ループ GIFは「MoCKAへの入り口を見せている」だけであって、「MoCKAそのもの」ではない。  READMEへの配置方針：  本質（Architecture・Governance）の後ではなく、Quick Startの前に置くべきです。  [文明モデルの説明] [アーキテクチャ] [ガバナンス]   ↓ 「まず触ってみる入口はこれ」← GIFをここに   ↓ [Quick Start] キャプションも変えるべきです：  markdown ## Getting Started — The simplest entry point  > This is not MoCKA. This is the door. > MoCKA is what happens after you walk through it. この方向で追加しますか？",N/A,N/A,N/A,local,N/A,N/A,N/A,"README構造を確認しました。  最適な挿入位置はここです：  英語版の ## What is MoCKA? と ## Why It Matters の間、または ## Why It Matters の直後。  理由：「なぜ重要か」を説明した直後にデモGIFを見せるのが最も説得力があります。  以下をREADMEに追加します：  powershell $insert = @'  ---  ## Demo — Right-click. 4 AIs. One ledger.  ### Share: broadcast to all AIs instantly ![Sharing](docs/Sharing.gif)  ### Collaborate: collect all responses → synthesize in Claude ![Collaboration](docs/collaboration.gif)  '@  $content = Get-Content C:\Users\sirok\MoCKA\README.md -Raw $target = ""## How It Works"" $content.Replace($target, $insert + $target) | Set-Content C:\Users\sirok\MoCKA\README.md 実行してよいですか？  ちょっと確認　これはmockaでしかできないことですか？　　この共有ということと協業という動作はどこにもない取り組みですか？  17:50 正直に評価します。  「共有」機能 類似品あり。  複数AIに同時送信するツールは存在します。例えばChatHub、Merlin等。右クリック送信も似たChrome拡張があります。  MoCKA固有の点： ledgerに記録される・hash chainで封印される。  「協議」機能 これは独自性が高い。  4AIの回答を回収してClaudeに集約・統合分析させる、という閉ループを自動化したものは見当たりません。  ただし「複数AI比較」ツール自体は存在します。  本当にMoCKAだけのものは何か 機能単体ではなく、組み合わせ：  「右クリック → 4AI送信 → 回答回収 → Claude統合分析 → ledger封印 → hash chain記録 → ガバナンス検証」  この最後の部分（記録・検証・監査）がセットになっているのはMoCKAだけです。  READMEへの反映提案 キャッチコピーを修正すべきです：  ❌ Right-click. 4 AIs. One ledger.（共有・協議は類似品あり）  ✅ Every AI decision. Cryptographically sealed. Forever auditable.  GIFはあくまで**「入口」**として使い、MoCKAの本質（ledger・governance）に誘導する構成にした方が正直で強いです。  修正しますか？  いやいや　これって　mockaのこのための目的機能＝mockaでなく　mockaの入り口の機能であり これがmockaだと誤解されても困りますね  17:51 その通りです。  整理すると：  内容 GIFで見えているもの Chrome拡張の操作UI（入口） MoCKAの本質 ledger・hash chain・governance・文明ループ GIFは「MoCKAへの入り口を見せている」だけであって、「MoCKAそのもの」ではない。  READMEへの配置方針：  本質（Architecture・Governance）の後ではなく、Quick Startの前に置くべきです。  [文明モデルの説明] [アーキテクチャ] [ガバナンス]   ↓ 「まず触ってみる入口はこれ」← GIFをここに   ↓ [Quick Start] キャプションも変えるべきです：  markdown ## Getting Started — The simplest entry point  > This is not MoCKA. This is the door. > MoCKA is what happens after you walk through it. この方向で追加しますか？"
E20260331_046,2026-03-31T17:52:37,human_nsjsiro,broadcast,panel_ui,index.html,N/A,manual_click,browser_ui,in_operation,normal,B,Claude,共有: Claude,"README構造を確認しました。  最適な挿入位置はここです：  英語版の ## What is MoCKA? と ## Why It Matters の間、または ## Why It Matters の直後。  理由：「なぜ重要か」を説明した直後にデモGIFを見せるのが最も説得力があります。  以下をREADMEに追加します：  powershell $insert = @'  ---  ## Demo — Right-click. 4 AIs. One ledger.  ### Share: broadcast to all AIs instantly ![Sharing](docs/Sharing.gif)  ### Collaborate: collect all responses → synthesize in Claude ![Collaboration](docs/collaboration.gif)  '@  $content = Get-Content C:\Users\sirok\MoCKA\README.md -Raw $target = ""## How It Works"" $content.Replace($target, $insert + $target) | Set-Content C:\Users\sirok\MoCKA\README.md 実行してよいですか？  ちょっと確認　これはmockaでしかできないことですか？　　この共有ということと協業という動作はどこにもない取り組みですか？  17:50 正直に評価します。  「共有」機能 類似品あり。  複数AIに同時送信するツールは存在します。例えばChatHub、Merlin等。右クリック送信も似たChrome拡張があります。  MoCKA固有の点： ledgerに記録される・hash chainで封印される。  「協議」機能 これは独自性が高い。  4AIの回答を回収してClaudeに集約・統合分析させる、という閉ループを自動化したものは見当たりません。  ただし「複数AI比較」ツール自体は存在します。  本当にMoCKAだけのものは何か 機能単体ではなく、組み合わせ：  「右クリック → 4AI送信 → 回答回収 → Claude統合分析 → ledger封印 → hash chain記録 → ガバナンス検証」  この最後の部分（記録・検証・監査）がセットになっているのはMoCKAだけです。  READMEへの反映提案 キャッチコピーを修正すべきです：  ❌ Right-click. 4 AIs. One ledger.（共有・協議は類似品あり）  ✅ Every AI decision. Cryptographically sealed. Forever auditable.  GIFはあくまで**「入口」**として使い、MoCKAの本質（ledger・governance）に誘導する構成にした方が正直で強いです。  修正しますか？  いやいや　これって　mockaのこのための目的機能＝mockaでなく　mockaの入り口の機能であり これがmockaだと誤解されても困りますね  17:51 その通りです。  整理すると：  内容 GIFで見えているもの Chrome拡張の操作UI（入口） MoCKAの本質 ledger・hash chain・governance・文明ループ GIFは「MoCKAへの入り口を見せている」だけであって、「MoCKAそのもの」ではない。  READMEへの配置方針：  本質（Architecture・Governance）の後ではなく、Quick Startの前に置くべきです。  [文明モデルの説明] [アーキテクチャ] [ガバナンス]   ↓ 「まず触ってみる入口はこれ」← GIFをここに   ↓ [Quick Start] キャプションも変えるべきです：  markdown ## Getting Started — The simplest entry point  > This is not MoCKA. This is the door. > MoCKA is what happens after you walk through it. この方向で追加しますか？",N/A,N/A,N/A,local,N/A,N/A,N/A,"README構造を確認しました。  最適な挿入位置はここです：  英語版の ## What is MoCKA? と ## Why It Matters の間、または ## Why It Matters の直後。  理由：「なぜ重要か」を説明した直後にデモGIFを見せるのが最も説得力があります。  以下をREADMEに追加します：  powershell $insert = @'  ---  ## Demo — Right-click. 4 AIs. One ledger.  ### Share: broadcast to all AIs instantly ![Sharing](docs/Sharing.gif)  ### Collaborate: collect all responses → synthesize in Claude ![Collaboration](docs/collaboration.gif)  '@  $content = Get-Content C:\Users\sirok\MoCKA\README.md -Raw $target = ""## How It Works"" $content.Replace($target, $insert + $target) | Set-Content C:\Users\sirok\MoCKA\README.md 実行してよいですか？  ちょっと確認　これはmockaでしかできないことですか？　　この共有ということと協業という動作はどこにもない取り組みですか？  17:50 正直に評価します。  「共有」機能 類似品あり。  複数AIに同時送信するツールは存在します。例えばChatHub、Merlin等。右クリック送信も似たChrome拡張があります。  MoCKA固有の点： ledgerに記録される・hash chainで封印される。  「協議」機能 これは独自性が高い。  4AIの回答を回収してClaudeに集約・統合分析させる、という閉ループを自動化したものは見当たりません。  ただし「複数AI比較」ツール自体は存在します。  本当にMoCKAだけのものは何か 機能単体ではなく、組み合わせ：  「右クリック → 4AI送信 → 回答回収 → Claude統合分析 → ledger封印 → hash chain記録 → ガバナンス検証」  この最後の部分（記録・検証・監査）がセットになっているのはMoCKAだけです。  READMEへの反映提案 キャッチコピーを修正すべきです：  ❌ Right-click. 4 AIs. One ledger.（共有・協議は類似品あり）  ✅ Every AI decision. Cryptographically sealed. Forever auditable.  GIFはあくまで**「入口」**として使い、MoCKAの本質（ledger・governance）に誘導する構成にした方が正直で強いです。  修正しますか？  いやいや　これって　mockaのこのための目的機能＝mockaでなく　mockaの入り口の機能であり これがmockaだと誤解されても困りますね  17:51 その通りです。  整理すると：  内容 GIFで見えているもの Chrome拡張の操作UI（入口） MoCKAの本質 ledger・hash chain・governance・文明ループ GIFは「MoCKAへの入り口を見せている」だけであって、「MoCKAそのもの」ではない。  READMEへの配置方針：  本質（Architecture・Governance）の後ではなく、Quick Startの前に置くべきです。  [文明モデルの説明] [アーキテクチャ] [ガバナンス]   ↓ 「まず触ってみる入口はこれ」← GIFをここに   ↓ [Quick Start] キャプションも変えるべきです：  markdown ## Getting Started — The simplest entry point  > This is not MoCKA. This is the door. > MoCKA is what happens after you walk through it. この方向で追加しますか？"
E20260331_046,2026-03-31T17:52:37,human_nsjsiro,broadcast,panel_ui,index.html,N/A,manual_click,browser_ui,in_operation,normal,B,Perplexity,共有: Perplexity,"README構造を確認しました。  最適な挿入位置はここです：  英語版の ## What is MoCKA? と ## Why It Matters の間、または ## Why It Matters の直後。  理由：「なぜ重要か」を説明した直後にデモGIFを見せるのが最も説得力があります。  以下をREADMEに追加します：  powershell $insert = @'  ---  ## Demo — Right-click. 4 AIs. One ledger.  ### Share: broadcast to all AIs instantly ![Sharing](docs/Sharing.gif)  ### Collaborate: collect all responses → synthesize in Claude ![Collaboration](docs/collaboration.gif)  '@  $content = Get-Content C:\Users\sirok\MoCKA\README.md -Raw $target = ""## How It Works"" $content.Replace($target, $insert + $target) | Set-Content C:\Users\sirok\MoCKA\README.md 実行してよいですか？  ちょっと確認　これはmockaでしかできないことですか？　　この共有ということと協業という動作はどこにもない取り組みですか？  17:50 正直に評価します。  「共有」機能 類似品あり。  複数AIに同時送信するツールは存在します。例えばChatHub、Merlin等。右クリック送信も似たChrome拡張があります。  MoCKA固有の点： ledgerに記録される・hash chainで封印される。  「協議」機能 これは独自性が高い。  4AIの回答を回収してClaudeに集約・統合分析させる、という閉ループを自動化したものは見当たりません。  ただし「複数AI比較」ツール自体は存在します。  本当にMoCKAだけのものは何か 機能単体ではなく、組み合わせ：  「右クリック → 4AI送信 → 回答回収 → Claude統合分析 → ledger封印 → hash chain記録 → ガバナンス検証」  この最後の部分（記録・検証・監査）がセットになっているのはMoCKAだけです。  READMEへの反映提案 キャッチコピーを修正すべきです：  ❌ Right-click. 4 AIs. One ledger.（共有・協議は類似品あり）  ✅ Every AI decision. Cryptographically sealed. Forever auditable.  GIFはあくまで**「入口」**として使い、MoCKAの本質（ledger・governance）に誘導する構成にした方が正直で強いです。  修正しますか？  いやいや　これって　mockaのこのための目的機能＝mockaでなく　mockaの入り口の機能であり これがmockaだと誤解されても困りますね  17:51 その通りです。  整理すると：  内容 GIFで見えているもの Chrome拡張の操作UI（入口） MoCKAの本質 ledger・hash chain・governance・文明ループ GIFは「MoCKAへの入り口を見せている」だけであって、「MoCKAそのもの」ではない。  READMEへの配置方針：  本質（Architecture・Governance）の後ではなく、Quick Startの前に置くべきです。  [文明モデルの説明] [アーキテクチャ] [ガバナンス]   ↓ 「まず触ってみる入口はこれ」← GIFをここに   ↓ [Quick Start] キャプションも変えるべきです：  markdown ## Getting Started — The simplest entry point  > This is not MoCKA. This is the door. > MoCKA is what happens after you walk through it. この方向で追加しますか？",N/A,N/A,N/A,local,N/A,N/A,N/A,"README構造を確認しました。  最適な挿入位置はここです：  英語版の ## What is MoCKA? と ## Why It Matters の間、または ## Why It Matters の直後。  理由：「なぜ重要か」を説明した直後にデモGIFを見せるのが最も説得力があります。  以下をREADMEに追加します：  powershell $insert = @'  ---  ## Demo — Right-click. 4 AIs. One ledger.  ### Share: broadcast to all AIs instantly ![Sharing](docs/Sharing.gif)  ### Collaborate: collect all responses → synthesize in Claude ![Collaboration](docs/collaboration.gif)  '@  $content = Get-Content C:\Users\sirok\MoCKA\README.md -Raw $target = ""## How It Works"" $content.Replace($target, $insert + $target) | Set-Content C:\Users\sirok\MoCKA\README.md 実行してよいですか？  ちょっと確認　これはmockaでしかできないことですか？　　この共有ということと協業という動作はどこにもない取り組みですか？  17:50 正直に評価します。  「共有」機能 類似品あり。  複数AIに同時送信するツールは存在します。例えばChatHub、Merlin等。右クリック送信も似たChrome拡張があります。  MoCKA固有の点： ledgerに記録される・hash chainで封印される。  「協議」機能 これは独自性が高い。  4AIの回答を回収してClaudeに集約・統合分析させる、という閉ループを自動化したものは見当たりません。  ただし「複数AI比較」ツール自体は存在します。  本当にMoCKAだけのものは何か 機能単体ではなく、組み合わせ：  「右クリック → 4AI送信 → 回答回収 → Claude統合分析 → ledger封印 → hash chain記録 → ガバナンス検証」  この最後の部分（記録・検証・監査）がセットになっているのはMoCKAだけです。  READMEへの反映提案 キャッチコピーを修正すべきです：  ❌ Right-click. 4 AIs. One ledger.（共有・協議は類似品あり）  ✅ Every AI decision. Cryptographically sealed. Forever auditable.  GIFはあくまで**「入口」**として使い、MoCKAの本質（ledger・governance）に誘導する構成にした方が正直で強いです。  修正しますか？  いやいや　これって　mockaのこのための目的機能＝mockaでなく　mockaの入り口の機能であり これがmockaだと誤解されても困りますね  17:51 その通りです。  整理すると：  内容 GIFで見えているもの Chrome拡張の操作UI（入口） MoCKAの本質 ledger・hash chain・governance・文明ループ GIFは「MoCKAへの入り口を見せている」だけであって、「MoCKAそのもの」ではない。  READMEへの配置方針：  本質（Architecture・Governance）の後ではなく、Quick Startの前に置くべきです。  [文明モデルの説明] [アーキテクチャ] [ガバナンス]   ↓ 「まず触ってみる入口はこれ」← GIFをここに   ↓ [Quick Start] キャプションも変えるべきです：  markdown ## Getting Started — The simplest entry point  > This is not MoCKA. This is the door. > MoCKA is what happens after you walk through it. この方向で追加しますか？"
E20260331_047,2026-03-31T18:25:38,human_nsjsiro,broadcast,panel_ui,index.html,N/A,manual_click,browser_ui,in_operation,normal,B,Copilot,共有: Copilot,Geminiがチャット画面ではなくトップページを開いている,N/A,N/A,N/A,local,N/A,N/A,N/A,Geminiがチャット画面ではなくトップページを開いている
E20260331_047,2026-03-31T18:25:38,human_nsjsiro,broadcast,panel_ui,index.html,N/A,manual_click,browser_ui,in_operation,normal,B,Perplexity,共有: Perplexity,Geminiがチャット画面ではなくトップページを開いている,N/A,N/A,N/A,local,N/A,N/A,N/A,Geminiがチャット画面ではなくトップページを開いている
E20260331_047,2026-03-31T18:25:38,human_nsjsiro,broadcast,panel_ui,index.html,N/A,manual_click,browser_ui,in_operation,normal,B,ChatGPT,共有: ChatGPT,Geminiがチャット画面ではなくトップページを開いている,N/A,N/A,N/A,local,N/A,N/A,N/A,Geminiがチャット画面ではなくトップページを開いている
E20260331_047,2026-03-31T18:25:38,human_nsjsiro,broadcast,panel_ui,index.html,N/A,manual_click,browser_ui,in_operation,normal,B,Gemini,共有: Gemini,Geminiがチャット画面ではなくトップページを開いている,N/A,N/A,N/A,local,N/A,N/A,N/A,Geminiがチャット画面ではなくトップページを開いている
E20260331_047,2026-03-31T18:25:38,human_nsjsiro,broadcast,panel_ui,index.html,N/A,manual_click,browser_ui,in_operation,normal,B,Claude,共有: Claude,Geminiがチャット画面ではなくトップページを開いている,N/A,N/A,N/A,local,N/A,N/A,N/A,Geminiがチャット画面ではなくトップページを開いている
E20260401_001,2026-04-01T07:37:29,mocka_router,collaboration,router,interface/router.py,MoCKAシステムの最大の課題は何か？,api_call,internal,in_operation,normal,A,outfield,Router collaboration: MoCKAシステムの最大の課題は何か？,"[Gemini] ERROR: 429 RESOURCE_EXHAUSTED. {'error': {'code': 429, 'message': 'You exceeded your current quota, please check your plan and billing details. For more information on this error, head to: ht",N/A,collaboration_complete,generation,local,3 steps,N/A,N/A,"providers: ['Gemini', 'Claude(diff)', 'Conductor']"
E20260401_002,2026-04-01T07:42:35,mocka_router,collaboration,router,interface/router.py,MoCKAの最大の強みは何か？,orchestra,internal,in_operation,normal,A,outfield,Router collaboration: MoCKAの最大の強みは何か？,"[Claude] 既存タブ検索中...
[Claude] 発見: https://claude.ai/chat/1156422c-6a83-4ae2-abdf-94bda37e0d2f
[復元] ChatGPT: https://chatgpt.com/c/69cb55a6-c624-83a9-a65e-0ffef44bc05f
[復元] Gemini: https://gemini.google",N/A,collaboration_complete,generation,local,4AI orchestra,N/A,N/A,(node:1880) [DEP0169] DeprecationWarning: `url.parse()` behavior is not standardized and prone to er
E20260401_003,2026-04-01T07:51:07,mocka_router,save,router,interface/router.py,router.py上位互換版完成,cli,internal,in_operation,normal,A,outfield,[save] router.py上位互換版完成,share/save/collaborate 3モード統合実装,N/A,save_complete,generation,local,save,N/A,N/A,manual_save
E20260401_004,2026-04-01T07:52:14,mocka_router,share,router,interface/router.py,MoCKA router.py 3モード統合完成しました,cli,internal,in_operation,normal,A,outfield,[share] MoCKA router.py 3モード統合完成しました,"[復元] ChatGPT: https://chatgpt.com/c/69cb55a6-c624-83a9-a65e-0ffef44bc05f
[復元] Gemini: https://gemini.google.com/app/8989e3019901961d?hl=ja
[復元] Copilot: https://copilot.microsoft.com/chats/kqws86Ue5aW",N/A,share_complete,generation,local,share,N/A,N/A,(node:5300) [DEP0169] DeprecationWarning: `url.parse()` behavior is not standardized and prone to er
E20260401_005,2026-04-01T07:57:43,mocka_router,save,router,interface/router.py,保存: infield,cli,internal,in_operation,normal,A,outfield,[save] 保存: infield,app.py router?????,N/A,save_complete,generation,local,save,N/A,N/A,manual_save
